Fleur,Curran,45,3
Hedy,Donovan,43,2
Christopher,Vance,42,3
Chandler,Geoffrey,29,2
Ezra,Dolan,22,3
Oscar,James,35,3
Plato,Brock,38,4
Knox,Tanner,30,2
Ralph,Dieter,27,3
Kyla,Reuben,37,3
Kadeem,Cruz,23,2
Myles,Elliott,33,4
Otto,Hiram,37,3
Naida,Ezra,25,2
Leonard,Palmer,39,4
Amethyst,Chaney,41,3
Wendy,Austin,24,3
Ezekiel,Arden,39,3
Megan,Amery,43,4
Christian,Harper,31,3
Brielle,Odysseus,29,4
Dahlia,Holmes,38,2
Wynter,Ferris,41,4
Yuli,Isaiah,28,3
Mechelle,Brett,26,3
Fay,Avram,35,3
Allen,Hector,27,4
Noelani,Brennan,30,4
Mufutau,Keegan,44,4
Lareina,Blaze,23,3
Amy,Burton,27,2
Tyler,Wyatt,39,3
Isaiah,Drew,45,3
Nell,Garrison,24,3
Warren,Hayes,25,4
Jael,Jermaine,37,3
Jaime,Stephen,35,2
Xavier,Jackson,24,3
Curran,Jarrod,32,3
Shaine,Palmer,24,3
Cleo,Felix,24,4
Ulysses,Arden,37,3
Sawyer,Camden,29,3
Virginia,Palmer,30,3
Maile,Keane,24,3
Mariko,Harding,22,3
Barbara,Chancellor,34,2
Mason,Philip,33,2
Warren,Craig,42,3
Courtney,August,43,3
Jescie,Finn,32,2
Quynn,Oscar,36,4
Quamar,Prescott,45,3
Fay,Evan,33,4
Jana,Barrett,36,2
Orson,Ian,40,3
Alea,Graiden,38,2
Tashya,Cullen,39,3
Iris,Gil,43,4
Dean,Cyrus,33,3
Nolan,Aaron,44,3
Autumn,Grant,39,3
Shaeleigh,Patrick,45,2
Camden,Giacomo,44,4
Ethan,Ahmed,24,4
Adele,Hayden,37,3
Orson,Coby,27,3
Alexandra,Jeremy,42,4
Carl,Caldwell,33,2
Declan,Stuart,43,3
Ila,Kieran,26,3
Garrett,Dante,34,3
Aretha,Burton,28,3
Beverly,Isaiah,43,3
Bethany,Hu,37,2
Rogan,Dexter,35,2
Illana,Thaddeus,31,3
Linda,Isaiah,34,3
Jenna,Ferris,29,2
Akeem,Orson,22,2
Keane,Scott,45,3
Kamal,Thomas,44,2
Courtney,Arsenio,40,4
Dolan,George,25,3
Cruz,Vincent,23,4
Catherine,Kenyon,27,2
Berk,Scott,42,2
Sean,Barrett,24,3
Kasper,Travis,31,2
Maya,Cody,42,3
Signe,Matthew,40,2
Patrick,Benjamin,34,2
Quon,Abraham,42,2
Daryl,Alexander,24,2
Vera,Jason,24,2
Sloane,Jamal,39,3
Ulric,Ciaran,22,3
Tashya,Linus,24,2
Maggy,Abraham,45,3
Paki,Gil,22,2
